First Name,Last Name,Email,Title,Phone,Labels
The bus,Goes round,13*3-6)&01@,12*8^3-+13,_#75&#4*51$,1
Jac,McKinzie,jac.mckinzie@bilearner.com,Area Sales Manager,313-261-0044,0
#5!+)7(%@_,+!_5+39)#7,^3%0*$$4#7@,7_14&0$136,=8@#642^&&$,1
Sharlene,Terry,sharlene.terry@bilearner.com,Area Sales Manager,772-233-4150,0
$_647&3%=&,0309)6*(35,!(04@10+9(@,%#^%-*9-44,3*+3%%+6$@$,1
Uriah,Bridges,uriah.bridges@bilearner.com,Production Technician I,247-071-2941,0
Paula,Small,paula.small@bilearner.com,Production Technician I,960-095-6988,0
Edward,Buck,edward.buck@bilearner.com,Area Sales Manager,340-814-2646,0
Michael,Riordan,michael.riordan@bilearner.com,Area Sales Manager,417-117-7527,0
Heks23,w23434A,$stes@shfs,<34>3435,Numbers,1
Jasmine,Onque,jasmine.onque@bilearner.com,Area Sales Manager,353-083-0480,0
Maruk,Fraval,maruk.fraval@bilearner.com,Area Sales Manager,417-260-0249,0
Latia,Costa,latia.costa@bilearner.com,Area Sales Manager,575-782-7881,0
@@&839@+7&,+2_367!63*,026$130($8@,-!=13#___),&%3+2$3*84$,1
9^91@(%_%+,!%+*852=04,!^#21&^78&@,62)74&$5^*,3!+2*2(4$=$,1
Tyrone,Sosa,tyrone.sosa@bilearner.com,Area Sales Manager,249-267-2941,0
Damaris,Cisneros,damaris.cisneros@bilearner.com,Area Sales Manager,351-702-4834,0
Alexus,Estes,alexus.estes@bilearner.com,Area Sales Manager,267-518-4691,0
Kinsley,Flowers,kinsley.flowers@bilearner.com,Area Sales Manager,225-280-7076,0
Deborah,Love,deborah.love@bilearner.com,Area Sales Manager,141-330-4068,0
Milagros,Francis,milagros.francis@bilearner.com,Area Sales Manager,385-582-5595,0
Roberto,Michael,roberto.michael@bilearner.com,Area Sales Manager,962-513-6301,0
Elaine,Ewing,elaine.ewing@bilearner.com,Area Sales Manager,245-512-2810,0
Caiden,Munoz,caiden.munoz@bilearner.com,Area Sales Manager,562-404-4833,0
Jocelyn,Bradford,jocelyn.bradford@bilearner.com,Area Sales Manager,645-071-8727,0
Marques,Armstrong,marques.armstrong@bilearner.com,Area Sales Manager,352-937-0423,0
Rohan,Chapman,rohan.chapman@bilearner.com,Area Sales Manager,241-176-0414,0
Emmanuel,Franklin,emmanuel.franklin@bilearner.com,Area Sales Manager,591-154-1979,0
Clayton,Mccormick,clayton.mccormick@bilearner.com,Area Sales Manager,758-909-5947,0
Darius,Krause,darius.krause@bilearner.com,Area Sales Manager,307-316-7071,0
Ahmed,Hawkins,ahmed.hawkins@bilearner.com,Area Sales Manager,349-975-7009,0
Kymani,Benjamin,kymani.benjamin@bilearner.com,Area Sales Manager,455-553-7090,0
Callum,Mcdaniel,callum.mcdaniel@bilearner.com,Area Sales Manager,116-729-0487,0
Zariah,Black,zariah.black@bilearner.com,Area Sales Manager,430-741-3241,0
Ronnie,Mayer,ronnie.mayer@bilearner.com,Area Sales Manager,116-625-1438,0
Marlon,Ford,marlon.ford@bilearner.com,Area Sales Manager,678-763-9028,0
Slade,Griffith,slade.griffith@bilearner.com,Area Sales Manager,783-051-0535,0
Lee,Frye,lee.frye@bilearner.com,Area Sales Manager,108-890-8851,0
Veronica,Rowe,veronica.rowe@bilearner.com,Area Sales Manager,878-609-2873,0
Aylin,Berg,aylin.berg@bilearner.com,Area Sales Manager,225-940-5566,0
Neveah,Rowe,neveah.rowe@bilearner.com,Area Sales Manager,485-495-5114,0
Keith,Baxter,keith.baxter@bilearner.com,Area Sales Manager,569-327-7091,0
Chaz,Bruce,chaz.bruce@bilearner.com,Area Sales Manager,373-558-3128,0
Maya,Mccann,maya.mccann@bilearner.com,Area Sales Manager,341-431-4021,0
Aaron,Weber,aaron.weber@bilearner.com,Area Sales Manager,635-212-9518,0
Ellie,Gill,ellie.gill@bilearner.com,Area Sales Manager,276-582-5398,0
Rayne,Kerr,rayne.kerr@bilearner.com,Area Sales Manager,906-797-8807,0
Samara,Mcbride,samara.mcbride@bilearner.com,Area Sales Manager,120-037-0112,0
Ryann,Rubio,ryann.rubio@bilearner.com,Area Sales Manager,474-904-6416,0
Paris,Carr,paris.carr@bilearner.com,Area Sales Manager,388-247-2584,0
Adriel,Wiggins,adriel.wiggins@bilearner.com,Area Sales Manager,384-833-4672,0
Sanaa,Glass,sanaa.glass@bilearner.com,Area Sales Manager,761-882-6308,0
Ryan,Lynch,ryan.lynch@bilearner.com,Area Sales Manager,484-800-4429,0
Charlie,Atkinson,charlie.atkinson@bilearner.com,Area Sales Manager,154-282-0708,0
Emery,Roach,emery.roach@bilearner.com,Area Sales Manager,517-790-6529,0
Harper,Ramos,harper.ramos@bilearner.com,Area Sales Manager,658-036-3156,0
Khalil,Mendez,khalil.mendez@bilearner.com,Area Sales Manager,184-436-6627,0
Lizeth,Holland,lizeth.holland@bilearner.com,Area Sales Manager,464-305-8509,0
Matilda,Randall,matilda.randall@bilearner.com,Area Sales Manager,969-624-3985,0
Damien,Howe,damien.howe@bilearner.com,Area Sales Manager,355-751-8346,0
Nicholas,Obrien,nicholas.obrien@bilearner.com,Area Sales Manager,624-500-0978,0
Mildred,Gentry,mildred.gentry@bilearner.com,Production Technician I,498-772-1713,0
Wilson K,Adinolfi,wilson k.adinolfi@bilearner.com,Production Technician I,186-694-0704,0
Joanne,Handschiegl,joanne.handschiegl@bilearner.com,Production Technician I,397-299-4825,0
Dianna,Blount,dianna.blount@bilearner.com,Production Technician II,718-364-4312,0
Jean,Crimmings,jean.crimmings@bilearner.com,Production Technician I,220-369-1358,0
Nore,Sadki,nore.sadki@bilearner.com,Production Technician I,895-187-3987,0
Susan,Lundy,susan.lundy@bilearner.com,Production Technician II,811-476-8733,0
Kramer,Keatts,kramer.keatts@bilearner.com,Production Technician I,868-866-6903,0
Maliki,Moumanil,maliki.moumanil@bilearner.com,Production Technician II,179-075-0436,0
Nader,Barton,nader.barton@bilearner.com,Production Technician I,945-558-7511,0
Quinn,Rarrick,quinn.rarrick@bilearner.com,Production Technician I,682-311-3005,0
Beatrice,Chace,beatrice.chace@bilearner.com,Production Technician I,154-232-8190,0
Adrienne J,Homberger,adrienne j.homberger@bilearner.com,Production Technician II,143-685-4128,0
Marilyn,Linares,marilyn.linares@bilearner.com,Production Technician I,590-588-7148,0
Timothy,Sullivan,timothy.sullivan@bilearner.com,Production Technician I,206-198-1482,0
Jennifer,Medeiros,jennifer.medeiros@bilearner.com,Production Technician I,591-477-4761,0
Anna,Von Massenbach,anna.von massenbach@bilearner.com,Production Technician I,299-491-1331,0
George,Johnson,george.johnson@bilearner.com,Production Technician I,171-039-2440,0
Angela,Erilus,angela.erilus@bilearner.com,Production Technician II,232-153-5350,0
Miguel,Estremera,miguel.estremera@bilearner.com,Production Technician I,376-248-8562,0
Clinton,Owad,clinton.owad@bilearner.com,Production Technician I,662-746-5114,0
Constance,Sloan,constance.sloan@bilearner.com,Production Technician II,837-693-5417,0
Davion,Sanchez,davion.sanchez@bilearner.com,Production Technician I,553-096-1011,0
Ross,Strickland,ross.strickland@bilearner.com,Production Technician I,367-409-3895,0
Augustus,Drake,augustus.drake@bilearner.com,Production Technician I,838-980-1478,0
Gracelyn,Huynh,gracelyn.huynh@bilearner.com,Production Technician I,553-878-0505,0
Orlando,Armstrong,orlando.armstrong@bilearner.com,Production Technician I,177-998-9574,0
Edward,Everett,edward.everett@bilearner.com,Production Technician I,142-921-4665,0
Jaqueline,Terrell,jaqueline.terrell@bilearner.com,Production Technician I,793-791-1334,0
Quinn,Mccullough,quinn.mccullough@bilearner.com,Production Technician I,763-462-5912,0
Selena,Greer,selena.greer@bilearner.com,Production Technician I,442-706-0145,0
Giovani,Roy,giovani.roy@bilearner.com,Production Technician I,681-974-8618,0
Dominik,Mullen,dominik.mullen@bilearner.com,Production Technician I,598-044-3826,0
Abdullah,Ellison,abdullah.ellison@bilearner.com,Production Technician I,426-198-7835,0
Andre,Guzman,andre.guzman@bilearner.com,Production Technician I,670-678-4237,0
Brayden,Malone,brayden.malone@bilearner.com,Production Technician I,178-833-4263,0
Maribel,Morrison,maribel.morrison@bilearner.com,Production Technician I,554-795-5297,0
Fisher,Stafford,fisher.stafford@bilearner.com,Production Technician I,528-801-0397,0
Kellen,Medina,kellen.medina@bilearner.com,Production Technician I,740-917-4023,0
Brenton,Monroe,brenton.monroe@bilearner.com,Production Technician II,687-779-4296,0
Derick,Rocha,derick.rocha@bilearner.com,Production Technician II,368-852-9069,0
Elaine,Weeks,elaine.weeks@bilearner.com,Production Technician II,337-990-2297,0
Marely,Dixon,marely.dixon@bilearner.com,Production Technician II,655-994-7658,0
Keagan,Henson,keagan.henson@bilearner.com,Production Technician II,276-333-6689,0
Helena,Davenport,helena.davenport@bilearner.com,Production Technician II,146-743-6302,0
Houston,Aguirre,houston.aguirre@bilearner.com,Production Technician II,523-590-7886,0
Kane,Owen,kane.owen@bilearner.com,Production Technician II,790-228-8113,0
Emerson,Pitts,emerson.pitts@bilearner.com,Production Technician I,236-142-9555,0
Clarissa,Winters,clarissa.winters@bilearner.com,Production Technician I,279-782-0469,0
Frankie,Atkins,frankie.atkins@bilearner.com,Production Technician I,608-238-7733,0
Ally,Zhang,ally.zhang@bilearner.com,Production Technician I,143-599-4592,0
Kayleigh,Harmon,kayleigh.harmon@bilearner.com,Production Technician I,913-700-6820,0
Kayley,Myers,kayley.myers@bilearner.com,Production Technician I,290-652-4436,0
Rowan,Cobb,rowan.cobb@bilearner.com,Production Technician I,607-091-7292,0
Edward,Mann,edward.mann@bilearner.com,Production Technician I,214-675-7220,0
Amirah,Johnson,amirah.johnson@bilearner.com,Production Technician I,110-485-0851,0
Bridget,Deleon,bridget.deleon@bilearner.com,Production Technician I,355-144-8909,0
Martin,Weber,martin.weber@bilearner.com,Production Technician I,279-067-2213,0
Ruben,Lewis,ruben.lewis@bilearner.com,Production Technician I,750-485-6079,0
Bailey,Collier,bailey.collier@bilearner.com,Production Technician I,657-085-0570,0
Charlee,Roth,charlee.roth@bilearner.com,Production Technician I,737-738-0985,0
Karissa,Bowers,karissa.bowers@bilearner.com,Production Technician I,220-766-9755,0
Noel,Ramirez,noel.ramirez@bilearner.com,Production Technician I,172-435-4119,0
Victoria,Franco,victoria.franco@bilearner.com,Production Technician I,914-640-7731,0
Danika,Fleming,danika.fleming@bilearner.com,Production Technician II,488-965-9597,0
Jocelyn,Kline,jocelyn.kline@bilearner.com,Production Technician II,841-210-2045,0
Cesar,Higgins,cesar.higgins@bilearner.com,Production Technician II,318-787-8205,0
Gabriel,Dodson,gabriel.dodson@bilearner.com,Production Technician II,447-935-1914,0
Raphael,Sandoval,raphael.sandoval@bilearner.com,Production Technician II,466-801-7029,0
Ruth,Harrell,ruth.harrell@bilearner.com,Production Technician II,421-023-3073,0
Peyton,Barber,peyton.barber@bilearner.com,Production Technician II,333-512-2227,0
Reginald,Lowery,reginald.lowery@bilearner.com,Production Technician I,344-882-9266,0
Stephanie,Briggs,stephanie.briggs@bilearner.com,Production Technician I,624-404-8504,0
Shaniya,Becker,shaniya.becker@bilearner.com,Production Technician I,730-038-8015,0
Ryan,Oconnell,ryan.oconnell@bilearner.com,Production Technician I,241-459-0202,0
Emma,Ware,emma.ware@bilearner.com,Production Technician I,884-484-1352,0
Keyon,Haley,keyon.haley@bilearner.com,Production Technician I,329-835-5797,0
Kylee,Bates,kylee.bates@bilearner.com,Production Technician I,332-000-2511,0
Marc,Chandler,marc.chandler@bilearner.com,Production Technician I,731-649-4351,0
Abdullah,Pruitt,abdullah.pruitt@bilearner.com,Production Technician I,979-768-5959,0
Shamar,Roth,shamar.roth@bilearner.com,Production Technician I,237-450-6524,0
Jaylen,Acosta,jaylen.acosta@bilearner.com,Production Technician I,749-668-9693,0
Kale,House,kale.house@bilearner.com,Production Technician I,386-029-4267,0
Kiersten,Ellis,kiersten.ellis@bilearner.com,Production Technician I,450-252-1102,0
Karissa,Carrillo,karissa.carrillo@bilearner.com,Production Technician I,124-615-5000,0
Issac,Whitehead,issac.whitehead@bilearner.com,Production Technician I,165-453-4909,0
Madisyn,Andrews,madisyn.andrews@bilearner.com,Production Technician I,394-733-4105,0
Madyson,Rhodes,madyson.rhodes@bilearner.com,Production Technician I,329-175-4208,0
Brenton,Rodriguez,brenton.rodriguez@bilearner.com,Production Technician II,683-975-2095,0
Nathen,Arias,nathen.arias@bilearner.com,Production Technician II,463-136-1011,0
Keyon,Hensley,keyon.hensley@bilearner.com,Production Technician II,657-955-8154,0
Elisha,Ruiz,elisha.ruiz@bilearner.com,Production Technician II,647-559-0679,0
Amirah,Stanley,amirah.stanley@bilearner.com,Production Technician II,773-756-1162,0
Jeremy,Meyer,jeremy.meyer@bilearner.com,Production Technician II,730-781-3476,0
Owen,Dillon,owen.dillon@bilearner.com,Production Technician I,896-630-8241,0
Bridget,Bray,bridget.bray@bilearner.com,Production Technician I,235-478-8357,0
Cassius,Gates,cassius.gates@bilearner.com,Production Technician I,162-043-9740,0
Martha,Kemp,martha.kemp@bilearner.com,Production Technician I,162-463-1522,0
Francesca,Mcmahon,francesca.mcmahon@bilearner.com,Production Technician I,111-320-6292,0
Lorelei,Walls,lorelei.walls@bilearner.com,Production Technician I,397-908-7460,0
Emery,Gillespie,emery.gillespie@bilearner.com,Production Technician I,177-831-2363,0
Kaylee,Baldwin,kaylee.baldwin@bilearner.com,Production Technician I,626-827-7270,0
Aron,Hester,aron.hester@bilearner.com,Production Technician I,314-644-8226,0
Reagan,Brennan,reagan.brennan@bilearner.com,Production Technician I,204-715-7405,0
Hugh,Berry,hugh.berry@bilearner.com,Production Technician I,524-743-9533,0
Brandon,Anderson,brandon.anderson@bilearner.com,Production Technician I,253-859-8142,0
Diana,Garza,diana.garza@bilearner.com,Production Technician I,911-243-1505,0
Dalton,Bowen,dalton.bowen@bilearner.com,Production Technician I,513-367-2443,0
Davin,Peters,davin.peters@bilearner.com,Production Technician I,723-679-9606,0
Leyla,Warren,leyla.warren@bilearner.com,Production Technician I,916-100-1828,0
Victoria,Allen,victoria.allen@bilearner.com,Production Technician I,138-870-6286,0
Tyler,Hines,tyler.hines@bilearner.com,Production Technician I,574-938-6883,0
Sandra,Atkinson,sandra.atkinson@bilearner.com,Production Technician II,800-679-1148,0
Simone,Hayes,simone.hayes@bilearner.com,Production Technician II,112-230-4372,0
Rhett,Valenzuela,rhett.valenzuela@bilearner.com,Production Technician II,439-441-0017,0
Lane,Zuniga,lane.zuniga@bilearner.com,Production Technician II,406-715-9726,0
Isabelle,Shields,isabelle.shields@bilearner.com,Production Technician II,364-598-0539,0
Mario,Mays,mario.mays@bilearner.com,Production Technician II,301-656-2107,0
Leah,Robinson,leah.robinson@bilearner.com,Production Technician I,200-996-5647,0
Dayami,Bailey,dayami.bailey@bilearner.com,Production Technician I,933-918-9052,0
Ramon,Fleming,ramon.fleming@bilearner.com,Production Technician I,124-347-3808,0
Pedro,Harrison,pedro.harrison@bilearner.com,Production Technician I,947-616-2967,0
Harrison,Hudson,harrison.hudson@bilearner.com,Production Technician I,714-553-6767,0
Taniya,Lane,taniya.lane@bilearner.com,Production Technician I,937-968-1762,0
Rene,Wallace,rene.wallace@bilearner.com,Production Technician I,102-478-8772,0
Kai,Gaines,kai.gaines@bilearner.com,Production Technician I,576-635-4898,0
Noelle,Levy,noelle.levy@bilearner.com,Production Technician I,937-609-0955,0
Kylie,Jimenez,kylie.jimenez@bilearner.com,Production Technician I,524-407-9697,0
Carly,Figueroa,carly.figueroa@bilearner.com,Production Technician I,572-500-4270,0
Bria,Mcpherson,bria.mcpherson@bilearner.com,Production Technician I,269-907-5272,0
Brynn,Harding,brynn.harding@bilearner.com,Production Technician I,804-447-9612,0
Rashad,Wells,rashad.wells@bilearner.com,Production Technician I,463-186-3312,0
Jaylene,Deleon,jaylene.deleon@bilearner.com,Production Technician I,292-489-3997,0
Chace,Church,chace.church@bilearner.com,Production Technician I,172-579-8444,0
Zayne,Hunter,zayne.hunter@bilearner.com,Production Technician I,866-812-3007,0
Amya,Vega,amya.vega@bilearner.com,Production Technician II,619-131-5890,0
Nickolas,West,nickolas.west@bilearner.com,Production Technician II,154-051-6259,0
Cason,Neal,cason.neal@bilearner.com,Production Technician II,179-483-4755,0
Aldo,Dyer,aldo.dyer@bilearner.com,Production Technician II,656-557-3589,0
Sonia,Skinner,sonia.skinner@bilearner.com,Production Technician II,214-082-5151,0
Julien,Banks,julien.banks@bilearner.com,Production Technician II,349-955-2896,0
Madelyn,Mcdonald,madelyn.mcdonald@bilearner.com,Production Technician I,477-084-1137,0
Brenden,Nash,brenden.nash@bilearner.com,Production Technician I,972-202-7580,0
Genesis,Coleman,genesis.coleman@bilearner.com,Production Technician I,463-259-0069,0
Justice,Branch,justice.branch@bilearner.com,Production Technician I,924-203-0054,0
Addisyn,Guerrero,addisyn.guerrero@bilearner.com,Production Technician I,782-852-2412,0
Addisyn,Aguilar,addisyn.aguilar@bilearner.com,Production Technician I,186-691-0377,0
Marcos,Gallagher,marcos.gallagher@bilearner.com,Production Technician I,979-325-5660,0
Mareli,Parker,mareli.parker@bilearner.com,Production Technician I,290-158-5505,0
Joshua,Mitchell,joshua.mitchell@bilearner.com,Production Technician I,785-876-5516,0
Case,Gaines,case.gaines@bilearner.com,Production Technician I,667-352-5187,0
Jacey,Reyes,jacey.reyes@bilearner.com,Production Technician I,683-450-9903,0
Dean,Middleton,dean.middleton@bilearner.com,Production Technician I,372-400-8256,0
Marlene,Bates,marlene.bates@bilearner.com,Production Technician I,274-200-5754,0
Kyra,Ray,kyra.ray@bilearner.com,Production Technician I,285-888-7492,0
Melanie,Kennedy,melanie.kennedy@bilearner.com,Production Technician I,736-426-5825,0
Aleena,Mercer,aleena.mercer@bilearner.com,Production Technician I,447-966-7076,0
Jake,White,jake.white@bilearner.com,Production Technician I,230-064-2268,0
Chaim,Chase,chaim.chase@bilearner.com,Production Technician II,759-400-7742,0
Keshawn,Le,keshawn.le@bilearner.com,Production Technician II,433-201-0204,0
Dalton,Frazier,dalton.frazier@bilearner.com,Production Technician II,580-618-0798,0
Cannon,Hester,cannon.hester@bilearner.com,Production Technician II,650-238-9180,0
Crystal,Brandt,crystal.brandt@bilearner.com,Production Technician II,963-831-8099,0
Johnny,Goodman,johnny.goodman@bilearner.com,Production Technician I,313-899-7976,0
Nehemiah,Hancock,nehemiah.hancock@bilearner.com,Production Technician I,577-750-6930,0
Elliana,Villanueva,elliana.villanueva@bilearner.com,Production Technician I,548-040-1131,0
Essence,Schwartz,essence.schwartz@bilearner.com,Production Technician I,364-775-4239,0
Ryker,Cox,ryker.cox@bilearner.com,Production Technician I,244-138-4937,0
Averi,Stevenson,averi.stevenson@bilearner.com,Production Technician I,636-952-5575,0
Katherine,Russo,katherine.russo@bilearner.com,Production Technician I,958-623-7852,0
Aydan,Robbins,aydan.robbins@bilearner.com,Production Technician I,236-290-6122,0
Heaven,Walls,heaven.walls@bilearner.com,Production Technician I,307-439-3111,0
Bobby,Chung,bobby.chung@bilearner.com,Production Technician I,423-379-9961,0
Maximus,Fields,maximus.fields@bilearner.com,Production Technician I,199-680-0555,0
Orion,Ochoa,orion.ochoa@bilearner.com,Production Technician I,156-278-8802,0
Halle,Boyd,halle.boyd@bilearner.com,Production Technician I,770-309-2069,0
Lindsey,Rocha,lindsey.rocha@bilearner.com,Production Technician I,951-465-8136,0
Chace,Gray,chace.gray@bilearner.com,Production Technician I,904-669-4622,0
Carsen,Wheeler,carsen.wheeler@bilearner.com,Production Technician I,818-560-1066,0
Arielle,Escobar,arielle.escobar@bilearner.com,Production Technician I,470-502-3175,0
Kaitlynn,Blair,kaitlynn.blair@bilearner.com,Production Technician II,188-403-2842,0
Amir,Melendez,amir.melendez@bilearner.com,Production Technician II,440-342-8346,0
Monique,Buckley,monique.buckley@bilearner.com,Production Technician II,113-935-7099,0
Clark,Blanchard,clark.blanchard@bilearner.com,Production Technician II,426-822-9656,0
Gabriel,Pearson,gabriel.pearson@bilearner.com,Production Technician II,117-031-3411,0
Mercedes,Cook,mercedes.cook@bilearner.com,Production Technician I,555-563-0937,0
Skyler,Blankenship,skyler.blankenship@bilearner.com,Production Technician I,284-808-2597,0
Jordan,Davis,jordan.davis@bilearner.com,Production Technician I,133-693-2951,0
Bridget,Wu,bridget.wu@bilearner.com,Production Technician I,814-093-8020,0
Gabriel,Kirk,gabriel.kirk@bilearner.com,Production Technician I,764-748-5441,0
Aron,Ali,aron.ali@bilearner.com,Production Technician I,924-381-0149,0
Kayden,Soto,kayden.soto@bilearner.com,Production Technician I,733-539-7130,0
Micaela,Conner,micaela.conner@bilearner.com,Production Technician I,201-597-1970,0
Arthur,Mitchell,arthur.mitchell@bilearner.com,Production Technician I,103-648-0425,0
Deven,Morse,deven.morse@bilearner.com,Production Technician I,526-858-2662,0
George,Villegas,george.villegas@bilearner.com,Production Technician I,921-131-5332,0
Arielle,Potts,arielle.potts@bilearner.com,Production Technician I,433-193-8653,0
Maxwell,Howell,maxwell.howell@bilearner.com,Production Technician I,237-018-9060,0
Junior,Bridges,junior.bridges@bilearner.com,Production Technician I,381-349-1162,0
Salvatore,Noble,salvatore.noble@bilearner.com,Production Technician I,311-506-6741,0
Heath,Hodges,heath.hodges@bilearner.com,Production Technician I,594-163-5318,0
Gabriella,Warner,gabriella.warner@bilearner.com,Production Technician I,673-587-9708,0
Ryan,Tate,ryan.tate@bilearner.com,Production Technician I,234-374-9418,0
Hazel,Vincent,hazel.vincent@bilearner.com,Production Technician II,608-269-3115,0
Gavyn,Riggs,gavyn.riggs@bilearner.com,Production Technician II,679-039-9534,0
Giancarlo,Cross,giancarlo.cross@bilearner.com,Production Technician II,795-981-9516,0
Cristal,Bradshaw,cristal.bradshaw@bilearner.com,Production Technician II,325-539-5683,0
Guadalupe,Burke,guadalupe.burke@bilearner.com,Production Technician II,105-533-7912,0
Elisa,Henry,elisa.henry@bilearner.com,Production Technician II,178-874-8108,0
Kale,Fischer,kale.fischer@bilearner.com,Production Technician I,361-377-1427,0
Morgan,Blackwell,morgan.blackwell@bilearner.com,Production Technician I,548-863-5956,0
Ivan,Wright,ivan.wright@bilearner.com,Production Technician I,552-310-3948,0
Nayeli,Hood,nayeli.hood@bilearner.com,Production Technician I,690-138-8344,0
Marilyn,Smith,marilyn.smith@bilearner.com,Production Technician I,574-715-2281,0
Zoie,Rowland,zoie.rowland@bilearner.com,Production Technician I,587-998-2577,0
Ann,Nguyen,ann.nguyen@bilearner.com,Production Technician I,137-352-7451,0
Ramiro,Savage,ramiro.savage@bilearner.com,Production Technician I,751-532-2645,0
Karma,Koch,karma.koch@bilearner.com,Production Technician I,773-131-4153,0
Jacqueline,Hendrix,jacqueline.hendrix@bilearner.com,Production Technician I,178-333-5332,0
Kaitlin,Barker,kaitlin.barker@bilearner.com,Production Technician I,977-813-5283,0
Semaj,Griffith,semaj.griffith@bilearner.com,Production Technician I,703-474-9209,0
Damian,Burke,damian.burke@bilearner.com,Production Technician I,242-451-6973,0
Jessie,Smith,jessie.smith@bilearner.com,Production Technician I,791-699-0088,0
Hezekiah,Cummings,hezekiah.cummings@bilearner.com,Production Technician I,108-449-5344,0
Brody,House,brody.house@bilearner.com,Production Technician I,287-720-4354,0
Aaliyah,Watts,aaliyah.watts@bilearner.com,Production Technician I,815-494-1763,0
Ashton,Larsen,ashton.larsen@bilearner.com,Production Technician I,481-207-7499,0
Joshua,Gibson,joshua.gibson@bilearner.com,Production Technician II,690-989-4974,0
Kyleigh,Bauer,kyleigh.bauer@bilearner.com,Production Technician II,629-874-5668,0
Ramon,Schultz,ramon.schultz@bilearner.com,Production Technician II,494-314-2094,0
Maxim,Houston,maxim.houston@bilearner.com,Production Technician II,825-870-2303,0
Deanna,Sellers,deanna.sellers@bilearner.com,Production Technician II,579-339-1210,0
Frankie,Figueroa,frankie.figueroa@bilearner.com,Production Technician II,678-895-5678,0
Bentley,Rush,bentley.rush@bilearner.com,Production Technician I,689-120-4255,0
Alexia,Pham,alexia.pham@bilearner.com,Production Technician I,431-706-9485,0
Roselyn,Roberts,roselyn.roberts@bilearner.com,Production Technician I,552-643-3962,0
Ayden,Chambers,ayden.chambers@bilearner.com,Production Technician I,360-192-1631,0
Kaitlynn,Serrano,kaitlynn.serrano@bilearner.com,Production Technician I,602-388-1974,0
Jefferson,White,jefferson.white@bilearner.com,Production Technician I,224-276-6884,0
Maria,Grant,maria.grant@bilearner.com,Production Technician I,154-323-4915,0
Bryanna,Ibarra,bryanna.ibarra@bilearner.com,Production Technician I,323-104-2512,0
Sophie,Zavala,sophie.zavala@bilearner.com,Production Technician I,995-761-9902,0
Amya,Grant,amya.grant@bilearner.com,Production Technician I,987-731-5504,0
Jaydan,Neal,jaydan.neal@bilearner.com,Production Technician I,867-905-1762,0
Amiyah,Ramirez,amiyah.ramirez@bilearner.com,Production Technician I,419-825-7356,0
Kai,Holt,kai.holt@bilearner.com,Production Technician I,988-922-5810,0
Brendon,Wilson,brendon.wilson@bilearner.com,Production Technician I,202-409-2645,0
Nancy,Short,nancy.short@bilearner.com,Production Technician I,922-941-1038,0
Isabella,Wilkins,isabella.wilkins@bilearner.com,Production Technician I,454-383-8537,0
Mayra,Moss,mayra.moss@bilearner.com,Production Technician I,577-361-5027,0
Maria,Gonzalez,maria.gonzalez@bilearner.com,IT Support,420-311-6983,0
Jumil,Turpin,jumil.turpin@bilearner.com,Network Engineer,811-840-9124,0
Ann,Daniele,ann.daniele@bilearner.com,Sr. Network Engineer,382-012-8199,0
Joe,South,joe.south@bilearner.com,Sr. Network Engineer,447-630-9334,0
Sarah,Warfield,sarah.warfield@bilearner.com,Sr. Network Engineer,623-438-4904,0
Alejandro,Bacong,alejandro.bacong@bilearner.com,IT Support,678-738-2639,0
Jyoti,Lajiri,jyoti.lajiri@bilearner.com,Sr. Network Engineer,576-532-4985,0
Neville,Tredinnick,neville.tredinnick@bilearner.com,Network Engineer,924-696-2384,0
Anthony,Cisco,anthony.cisco@bilearner.com,IT Support,800-867-8846,0
Linda,Dolan,linda.dolan@bilearner.com,IT Support,566-464-4130,0
Carlos,Merlos,carlos.merlos@bilearner.com,Network Engineer,299-489-7061,0
Tanya,Morway,tanya.morway@bilearner.com,Network Engineer,486-846-1727,0
Anita,Shepard,anita.shepard@bilearner.com,Network Engineer,942-340-8434,0
Jeremiah,Semizoglou,jeremiah.semizoglou@bilearner.com,Sr. Network Engineer,403-772-0398,0
Katrina,Lambert,katrina.lambert@bilearner.com,Network Engineer,730-923-2967,0
Alexzander,Pope,alexzander.pope@bilearner.com,Network Engineer,642-143-3916,0
Derek,Holmes,derek.holmes@bilearner.com,IT Support,364-609-6658,0
Danika,Deleon,danika.deleon@bilearner.com,IT Support,297-292-8371,0
Sabrina,Durham,sabrina.durham@bilearner.com,IT Support,902-993-7350,0
Frankie,Carrillo,frankie.carrillo@bilearner.com,IT Support,290-879-7550,0
Quintin,Solomon,quintin.solomon@bilearner.com,Sr. Network Engineer,809-617-8349,0
Jaqueline,Pittman,jaqueline.pittman@bilearner.com,Sr. Network Engineer,907-946-8123,0
Mariana,Glass,mariana.glass@bilearner.com,Principal Data Architect,417-162-4394,0
Payton,Cross,payton.cross@bilearner.com,Enterprise Architect,208-666-5824,0
Sloane,Rasmussen,sloane.rasmussen@bilearner.com,Sr. DBA,823-393-1544,0
Elise,Vazquez,elise.vazquez@bilearner.com,Network Engineer,576-099-4188,0
Monique,Pierce,monique.pierce@bilearner.com,Network Engineer,834-139-2037,0
Axel,Higgins,axel.higgins@bilearner.com,IT Support,759-979-6012,0
Marcos,Petty,marcos.petty@bilearner.com,IT Support,666-446-1119,0
Mia,Cowan,mia.cowan@bilearner.com,IT Support,823-725-1922,0
Tanya,Leonard,tanya.leonard@bilearner.com,IT Support,216-815-2289,0
Dereon,Page,dereon.page@bilearner.com,Sr. Network Engineer,496-140-2112,0
Meadow,Boyer,meadow.boyer@bilearner.com,Sr. Network Engineer,598-123-2947,0
Paris,Simpson,paris.simpson@bilearner.com,Principal Data Architect,321-165-3438,0
Kyla,Durham,kyla.durham@bilearner.com,Enterprise Architect,279-822-5719,0
Cassidy,Maddox,cassidy.maddox@bilearner.com,Sr. DBA,780-552-6899,0
Edgar,Underwood,edgar.underwood@bilearner.com,Network Engineer,898-923-0876,0
Jaiden,Underwood,jaiden.underwood@bilearner.com,Network Engineer,673-402-3785,0
Eugene,Potts,eugene.potts@bilearner.com,IT Support,749-893-6016,0
Gilbert,Klein,gilbert.klein@bilearner.com,IT Support,278-128-0893,0
Nathaly,Huffman,nathaly.huffman@bilearner.com,IT Support,708-652-9494,0
Nancy,Clay,nancy.clay@bilearner.com,IT Support,821-563-2411,0
Kylie,Cantrell,kylie.cantrell@bilearner.com,Sr. Network Engineer,412-197-5573,0
Vance,Marquez,vance.marquez@bilearner.com,Sr. Network Engineer,929-827-5362,0
Dante,Wyatt,dante.wyatt@bilearner.com,Principal Data Architect,888-112-1403,0
Rey,Monroe,rey.monroe@bilearner.com,Enterprise Architect,173-011-2126,0
Jayden,Mckee,jayden.mckee@bilearner.com,Network Engineer,991-199-3904,0
Brady,Yoder,brady.yoder@bilearner.com,Network Engineer,957-923-9761,0
Darwin,Allen,darwin.allen@bilearner.com,Network Engineer,760-760-1331,0
Jasper,Harrison,jasper.harrison@bilearner.com,IT Support,452-752-5551,0
Bailey,Humphrey,bailey.humphrey@bilearner.com,IT Support,538-325-6031,0
Clare,English,clare.english@bilearner.com,IT Support,518-236-6908,0
Amy,Sherman,amy.sherman@bilearner.com,IT Support,164-720-2714,0
Lizbeth,Hunt,lizbeth.hunt@bilearner.com,Sr. Network Engineer,319-583-5164,0
Eden,Armstrong,eden.armstrong@bilearner.com,Sr. Network Engineer,467-237-8324,0
Eugene,Mueller,eugene.mueller@bilearner.com,Principal Data Architect,494-267-7191,0
Tiffany,Washington,tiffany.washington@bilearner.com,Enterprise Architect,676-234-4032,0
Sloane,Moss,sloane.moss@bilearner.com,Network Engineer,728-793-3669,0
Kaeden,Vargas,kaeden.vargas@bilearner.com,Network Engineer,445-803-7852,0
Lena,Sandoval,lena.sandoval@bilearner.com,Network Engineer,224-782-2407,0
Adrien,Olsen,adrien.olsen@bilearner.com,Network Engineer,926-913-5896,0
Damari,Brewer,damari.brewer@bilearner.com,IT Support,920-476-1573,0
Annalise,Gross,annalise.gross@bilearner.com,IT Support,285-841-3754,0
Kamari,Mcgrath,kamari.mcgrath@bilearner.com,IT Support,536-090-3672,0
Lorena,Rice,lorena.rice@bilearner.com,IT Support,698-154-0487,0
Eliezer,Stokes,eliezer.stokes@bilearner.com,Sr. Network Engineer,885-157-0092,0
Aspen,Reyes,aspen.reyes@bilearner.com,Sr. Network Engineer,528-190-0804,0
Rudy,Richardson,rudy.richardson@bilearner.com,Sr. Network Engineer,411-146-5000,0
Alana,Castro,alana.castro@bilearner.com,Principal Data Architect,572-735-6856,0
Oscar,Lopez,oscar.lopez@bilearner.com,Network Engineer,418-370-1234,0
Carter,Cook,carter.cook@bilearner.com,Network Engineer,177-563-1155,0
Liam,Hanna,liam.hanna@bilearner.com,Network Engineer,331-160-7303,0
Zara,Pitts,zara.pitts@bilearner.com,Network Engineer,951-864-6874,0
Abby,Woodward,abby.woodward@bilearner.com,IT Support,433-077-6668,0
Litzy,Esparza,litzy.esparza@bilearner.com,IT Support,754-926-5638,0
Noemi,Brewer,noemi.brewer@bilearner.com,IT Support,635-688-0511,0
Gilberto,Macdonald,gilberto.macdonald@bilearner.com,IT Support,875-263-7975,0
Armando,Macias,armando.macias@bilearner.com,Sr. Network Engineer,431-008-5510,0
Britney,Kelly,britney.kelly@bilearner.com,Sr. Network Engineer,493-475-5471,0
Emanuel,Haas,emanuel.haas@bilearner.com,Sr. Network Engineer,188-922-4998,0
Karlie,Drake,karlie.drake@bilearner.com,Principal Data Architect,824-379-1241,0
Myla,Mullen,myla.mullen@bilearner.com,Network Engineer,543-319-7024,0
Alan,Holland,alan.holland@bilearner.com,Network Engineer,535-889-8329,0
Brooklynn,Greene,brooklynn.greene@bilearner.com,Network Engineer,374-786-1115,0
Maxwell,Mcpherson,maxwell.mcpherson@bilearner.com,Network Engineer,376-779-3956,0
Lukas,Freeman,lukas.freeman@bilearner.com,IT Support,899-188-1847,0
Yesenia,Nielsen,yesenia.nielsen@bilearner.com,IT Support,503-383-9454,0
Myah,Marsh,myah.marsh@bilearner.com,IT Support,296-000-8372,0
Korbin,Gilbert,korbin.gilbert@bilearner.com,IT Support,779-949-1401,0
Jenna,Maddox,jenna.maddox@bilearner.com,Sr. Network Engineer,820-882-5228,0
Anaya,Preston,anaya.preston@bilearner.com,Sr. Network Engineer,287-340-1120,0
Eugene,Pena,eugene.pena@bilearner.com,Sr. Network Engineer,978-701-5809,0
Abel,Baker,abel.baker@bilearner.com,Principal Data Architect,693-787-4792,0
Deven,Merritt,deven.merritt@bilearner.com,Network Engineer,976-952-8653,0
Hadassah,Moran,hadassah.moran@bilearner.com,Network Engineer,311-355-8987,0
Hezekiah,Thompson,hezekiah.thompson@bilearner.com,Network Engineer,126-029-3664,0
Quintin,Fry,quintin.fry@bilearner.com,Network Engineer,522-862-9067,0
Alayna,Hess,alayna.hess@bilearner.com,Network Engineer,628-514-6481,0
Amaris,Miller,amaris.miller@bilearner.com,IT Support,923-467-6548,0
Barrett,Wilcox,barrett.wilcox@bilearner.com,IT Support,890-401-6956,0
Kimberly,Watson,kimberly.watson@bilearner.com,IT Support,680-665-5780,0
Rebecca,Park,rebecca.park@bilearner.com,IT Support,336-427-0024,0
Caleb,Schneider,caleb.schneider@bilearner.com,Sr. Network Engineer,105-971-5475,0
Vanessa,James,vanessa.james@bilearner.com,Sr. Network Engineer,622-150-9489,0
Maribel,Copeland,maribel.copeland@bilearner.com,Sr. Network Engineer,580-877-4727,0
Henry,Zimmerman,henry.zimmerman@bilearner.com,Sr. Network Engineer,342-403-8402,0
Nathanial,Booth,nathanial.booth@bilearner.com,Network Engineer,559-023-0943,0
Rhys,Barry,rhys.barry@bilearner.com,Network Engineer,538-715-2242,0
Jonas,Rowland,jonas.rowland@bilearner.com,Network Engineer,895-841-5286,0
Chris,Vincent,chris.vincent@bilearner.com,Network Engineer,774-833-7221,0
Myah,Waller,myah.waller@bilearner.com,Network Engineer,597-834-2665,0
Yaritza,Sherman,yaritza.sherman@bilearner.com,IT Support,499-419-6124,0
Haley,Weaver,haley.weaver@bilearner.com,IT Support,685-232-6363,0
Alessandra,Lee,alessandra.lee@bilearner.com,IT Support,826-476-4649,0
Kaitlin,Hickman,kaitlin.hickman@bilearner.com,IT Support,292-631-9837,0
Giancarlo,Juarez,giancarlo.juarez@bilearner.com,Sr. Network Engineer,188-836-2387,0
Walter,Zuniga,walter.zuniga@bilearner.com,Sr. Network Engineer,320-732-0249,0
Anna,Jordan,anna.jordan@bilearner.com,Sr. Network Engineer,747-679-7014,0
Jeffery,Gamble,jeffery.gamble@bilearner.com,Sr. Network Engineer,460-653-1286,0
Misael,Hunter,misael.hunter@bilearner.com,Network Engineer,465-131-4913,0
Audrina,Yu,audrina.yu@bilearner.com,Network Engineer,590-946-7235,0
Jeramiah,Foster,jeramiah.foster@bilearner.com,Network Engineer,244-617-5295,0
Bruce,Wallace,bruce.wallace@bilearner.com,Network Engineer,342-276-3379,0
Giovani,Nelson,giovani.nelson@bilearner.com,Network Engineer,334-345-8345,0
Ari,Anthony,ari.anthony@bilearner.com,IT Support,475-407-7458,0
Laylah,Branch,laylah.branch@bilearner.com,IT Support,120-466-4449,0
Alanna,Mullins,alanna.mullins@bilearner.com,IT Support,989-097-9454,0
Arjun,Tyler,arjun.tyler@bilearner.com,IT Support,344-988-2711,0
Donald,Favis,donald.favis@bilearner.com,Enterprise Architect,927-677-0463,0
Daniff,Hernandez,daniff.hernandez@bilearner.com,Database Administrator,315-163-5153,0
Lori,Roby,lori.roby@bilearner.com,Data Analyst,832-757-7267,0
Thomas,Murray,thomas.murray@bilearner.com,Data Analyst,660-275-1318,0
Karthikeyan,Ait Sidi,karthikeyan.ait sidi@bilearner.com,Sr. DBA,437-461-3231,0
Ivan,Rogers,ivan.rogers@bilearner.com,Data Analyst,585-266-5218,0
Bianca,Roehrich,bianca.roehrich@bilearner.com,Principal Data Architect,136-636-5799,0
Jason,Salter,jason.salter@bilearner.com,Data Analyst ,829-777-3412,0
Julia,Zhou,julia.zhou@bilearner.com,Data Analyst,674-932-5216,0
Thelma,Petrowsky,thelma.petrowsky@bilearner.com,Data Analyst,829-293-7220,0
Jayne,Horton,jayne.horton@bilearner.com,Database Administrator,929-661-7740,0
Renee,Becker,renee.becker@bilearner.com,Database Administrator,563-874-2365,0
Randall,Pearson,randall.pearson@bilearner.com,Data Analyst,245-795-1807,0
Claudia N,Carr,claudia n.carr@bilearner.com,Sr. DBA,714-246-4016,0
Noelle,Johnson,noelle.johnson@bilearner.com,Database Administrator,185-784-5243,0
Taisha,Goble,taisha.goble@bilearner.com,Database Administrator,400-889-8840,0
Kramer,Simard,kramer.simard@bilearner.com,Data Analyst,306-750-0349,0
Mark,Griffith,mark.griffith@bilearner.com,Data Analyst,400-208-2410,0
Denisse,Hayes,denisse.hayes@bilearner.com,Database Administrator,115-246-5204,0
Draven,Giles,draven.giles@bilearner.com,Database Administrator,506-452-3963,0
Aliana,Shaw,aliana.shaw@bilearner.com,Database Administrator,891-983-4345,0
Makaila,Nixon,makaila.nixon@bilearner.com,Database Administrator,633-142-0581,0
Mohammed,Orr,mohammed.orr@bilearner.com,Database Administrator,778-130-4795,0
Braylen,Mendoza,braylen.mendoza@bilearner.com,Data Architect,467-549-9705,0
Andreas,Torres,andreas.torres@bilearner.com,CIO,475-979-3028,0
Maddison,Perez,maddison.perez@bilearner.com,BI Director,781-937-0291,0
Charlize,Wagner,charlize.wagner@bilearner.com,Sr. DBA,629-559-8147,0
Micah,Pace,micah.pace@bilearner.com,Sr. Accountant,428-716-3264,0
Marlee,Stevens,marlee.stevens@bilearner.com,Sr. Accountant,129-472-3551,0
Precious,Roth,precious.roth@bilearner.com,Software Engineering Manager,366-169-6806,0
Konner,Villegas,konner.villegas@bilearner.com,Software Engineer,245-795-8644,0
Anastasia,Gillespie,anastasia.gillespie@bilearner.com,Data Analyst,934-085-0608,0
Emely,Rice,emely.rice@bilearner.com,Data Analyst,391-266-1201,0
Lewis,Nixon,lewis.nixon@bilearner.com,Database Administrator,549-620-8199,0
Macy,Webster,macy.webster@bilearner.com,Database Administrator,935-351-2808,0
Ciara,Acevedo,ciara.acevedo@bilearner.com,Database Administrator,533-150-2760,0
Eleanor,Patton,eleanor.patton@bilearner.com,Database Administrator,134-004-4350,0
Brooklyn,Tanner,brooklyn.tanner@bilearner.com,Database Administrator,435-521-0132,0
Zander,Franco,zander.franco@bilearner.com,Data Architect,941-368-5223,0
Kianna,Rhodes,kianna.rhodes@bilearner.com,CIO,450-277-4594,0
Kinsley,Braun,kinsley.braun@bilearner.com,Sr. DBA,992-043-0487,0
Gordon,Wu,gordon.wu@bilearner.com,Sr. Accountant,466-357-4984,0
Maryjane,Cross,maryjane.cross@bilearner.com,Sr. Accountant,923-308-1902,0
Peyton,Phelps,peyton.phelps@bilearner.com,Software Engineering Manager,525-757-6760,0
Carmen,Atkins,carmen.atkins@bilearner.com,Data Analyst,698-151-8601,0
Kiara,Fox,kiara.fox@bilearner.com,Data Analyst,850-445-7118,0
Yair,Jennings,yair.jennings@bilearner.com,Database Administrator,325-399-5544,0
Kaylie,Velazquez,kaylie.velazquez@bilearner.com,Database Administrator,800-135-9231,0
Christine,Skinner,christine.skinner@bilearner.com,Database Administrator,558-670-5500,0
Zayne,Mccullough,zayne.mccullough@bilearner.com,Database Administrator,627-147-2455,0
Dennis,Key,dennis.key@bilearner.com,Database Administrator,618-106-7293,0
Aydan,Benjamin,aydan.benjamin@bilearner.com,Data Architect,867-116-0802,0
Kenzie,Mullins,kenzie.mullins@bilearner.com,Sr. DBA,183-166-7048,0
Asa,Pham,asa.pham@bilearner.com,Sr. DBA,490-757-4004,0
Damarion,Schneider,damarion.schneider@bilearner.com,Sr. Accountant,647-768-2584,0
Talan,Rodgers,talan.rodgers@bilearner.com,Sr. Accountant,115-436-5314,0
Evelin,Snow,evelin.snow@bilearner.com,Data Analyst,615-942-2129,0
Sienna,Preston,sienna.preston@bilearner.com,Data Analyst,983-543-4309,0
Taylor,Dennis,taylor.dennis@bilearner.com,Data Analyst,107-286-7969,0
Cortez,Murillo,cortez.murillo@bilearner.com,Database Administrator,645-575-3423,0
Leonel,Combs,leonel.combs@bilearner.com,Database Administrator,852-766-4977,0
Carmen,Frost,carmen.frost@bilearner.com,Database Administrator,454-697-7350,0
Ace,Krause,ace.krause@bilearner.com,Database Administrator,913-307-1260,0
Reuben,Davila,reuben.davila@bilearner.com,Database Administrator,219-734-9928,0
Angelique,Mann,angelique.mann@bilearner.com,Data Architect,612-331-8872,0
Susan,Exantus,susan.exantus@bilearner.com,Software Engineer,417-710-0629,0
Sandra,Martin,sandra.martin@bilearner.com,Software Engineer,331-509-0880,0
Keyla,Del Bosque,keyla.del bosque@bilearner.com,Software Engineer,227-009-3609,0
Andrew,Szabo,andrew.szabo@bilearner.com,Software Engineer,691-127-5426,0
Luke,Patronick,luke.patronick@bilearner.com,Software Engineer,577-004-8739,0
Colby,Andreola,colby.andreola@bilearner.com,Software Engineer,562-030-5872,0
Edward,TRUE,edward.true@bilearner.com,Software Engineer,973-488-3170,0
Judith,Carabbio,judith.carabbio@bilearner.com,Software Engineer,865-281-3573,0
Adell,Saada,adell.saada@bilearner.com,Software Engineer,298-269-7942,0
Kamari,Hunter,kamari.hunter@bilearner.com,Software Engineer,796-658-6983,0
Sarah,Malone,sarah.malone@bilearner.com,Software Engineer,794-487-5411,0
Skyler,Blackwell,skyler.blackwell@bilearner.com,Software Engineer,570-830-9377,0
Jasmin,Shah,jasmin.shah@bilearner.com,Software Engineer,122-869-8844,0
Kole,Quinn,kole.quinn@bilearner.com,Shared Services Manager,572-433-8429,0
Ansley,Jackson,ansley.jackson@bilearner.com,Shared Services Manager,769-988-5875,0
Jayda,Reese,jayda.reese@bilearner.com,Senior BI Developer,379-881-3655,0
Julien,Whitehead,julien.whitehead@bilearner.com,Senior BI Developer,604-786-4463,0
Alan,Haynes,alan.haynes@bilearner.com,Senior BI Developer,879-902-9629,0
Kamryn,Herrera,kamryn.herrera@bilearner.com,Software Engineer,528-589-5271,0
Kelvin,Foster,kelvin.foster@bilearner.com,Software Engineer,117-626-8594,0
Joe,Fletcher,joe.fletcher@bilearner.com,Software Engineer,101-487-3219,0
Frederick,Howe,frederick.howe@bilearner.com,Software Engineer,711-248-3305,0
Nickolas,Davila,nickolas.davila@bilearner.com,Shared Services Manager,377-564-2534,0
Kasey,Boyer,kasey.boyer@bilearner.com,Shared Services Manager,488-221-7396,0
Giovanni,Jenkins,giovanni.jenkins@bilearner.com,Senior BI Developer,341-713-6487,0
Alexis,Moss,alexis.moss@bilearner.com,Senior BI Developer,110-515-0082,0
Joanna,Murphy,joanna.murphy@bilearner.com,Senior BI Developer,245-064-7483,0
Joseph,Schmidt,joseph.schmidt@bilearner.com,Software Engineer,620-725-9777,0
Brittany,Hurley,brittany.hurley@bilearner.com,Software Engineer,115-812-7072,0
Niko,Hamilton,niko.hamilton@bilearner.com,Software Engineer,549-065-8442,0
Ruben,Martinez,ruben.martinez@bilearner.com,Software Engineer,266-971-6823,0
Kiley,Haynes,kiley.haynes@bilearner.com,Software Engineer,831-826-6322,0
Blaine,Brooks,blaine.brooks@bilearner.com,Shared Services Manager,959-232-3158,0
Dennis,Livingston,dennis.livingston@bilearner.com,Shared Services Manager,147-675-0023,0
Case,Russell,case.russell@bilearner.com,Senior BI Developer,757-017-4554,0
Kody,Jimenez,kody.jimenez@bilearner.com,Senior BI Developer,654-506-4546,0
Zoe,Colon,zoe.colon@bilearner.com,Software Engineer,908-171-0846,0
Courtney,Cowan,courtney.cowan@bilearner.com,Software Engineer,444-547-8473,0
Nolan,Perez,nolan.perez@bilearner.com,Software Engineer,244-054-5944,0
Katrina,Farrell,katrina.farrell@bilearner.com,Software Engineer,106-781-0019,0
Camden,Kelly,camden.kelly@bilearner.com,Software Engineer,631-626-1039,0
Milo,Hood,milo.hood@bilearner.com,Software Engineer,160-007-4238,0
Kale,Lang,kale.lang@bilearner.com,Shared Services Manager,641-952-9890,0
Shyanne,Stark,shyanne.stark@bilearner.com,Shared Services Manager,377-284-6334,0
Elliott,Ashley,elliott.ashley@bilearner.com,Senior BI Developer,889-316-2984,0
Genesis,Todd,genesis.todd@bilearner.com,Software Engineer,909-881-5166,0
Sincere,Jimenez,sincere.jimenez@bilearner.com,Software Engineer,303-597-6415,0
Stephen,Daugherty,stephen.daugherty@bilearner.com,Software Engineer,249-209-9447,0
Demarion,Morrow,demarion.morrow@bilearner.com,Software Engineer,210-318-5025,0
Steven,Schneider,steven.schneider@bilearner.com,Software Engineer,564-771-3150,0
Devon,Hinton,devon.hinton@bilearner.com,Software Engineer,530-632-0229,0
Jacquelyn,Johns,jacquelyn.johns@bilearner.com,Shared Services Manager,460-081-3716,0
Blaine,Keith,blaine.keith@bilearner.com,Shared Services Manager,952-566-2053,0
Phillip,Salazar,phillip.salazar@bilearner.com,Software Engineer,150-050-5784,0
Chaz,Webb,chaz.webb@bilearner.com,Software Engineer,570-545-6843,0
Desmond,Anderson,desmond.anderson@bilearner.com,Software Engineer,270-482-5122,0
Sophie,Decker,sophie.decker@bilearner.com,Software Engineer,353-362-8617,0
Lena,Bryan,lena.bryan@bilearner.com,Software Engineer,822-025-8099,0
Kelsie,Mccormick,kelsie.mccormick@bilearner.com,Software Engineer,863-065-2585,0
Frida,Livingston,frida.livingston@bilearner.com,Shared Services Manager,561-643-0813,0
Isai,Alvarado,isai.alvarado@bilearner.com,Shared Services Manager,764-198-1152,0
Travis,Vasquez,travis.vasquez@bilearner.com,Software Engineer,750-622-3076,0
Jazlene,Maynard,jazlene.maynard@bilearner.com,Software Engineer,437-084-9906,0
Wyatt,Donovan,wyatt.donovan@bilearner.com,Software Engineer,642-766-0079,0
Nathaly,Cooper,nathaly.cooper@bilearner.com,Software Engineer,706-542-4737,0
Gage,Weeks,gage.weeks@bilearner.com,Software Engineer,789-247-9309,0
Gavin,Frye,gavin.frye@bilearner.com,Software Engineer,470-046-7014,0
Amber,Ross,amber.ross@bilearner.com,Software Engineer,501-012-9087,0
Wyatt,Edwards,wyatt.edwards@bilearner.com,Shared Services Manager,174-772-4590,0
Karla,Reed,karla.reed@bilearner.com,Shared Services Manager,361-284-7318,0
Yadira,Mcmillan,yadira.mcmillan@bilearner.com,Software Engineer,945-571-5563,0
Fernando,Mcconnell,fernando.mcconnell@bilearner.com,Software Engineer,862-800-4661,0
Sean,Bean,sean.bean@bilearner.com,Software Engineer,634-644-3092,0
Lilianna,Mccall,lilianna.mccall@bilearner.com,Software Engineer,909-132-5533,0
Salvador,Thomas,salvador.thomas@bilearner.com,Software Engineer,204-364-4372,0
Jair,Silva,jair.silva@bilearner.com,Software Engineer,804-912-2127,0
Derek,Moreno,derek.moreno@bilearner.com,Software Engineer,482-482-7820,0
Litzy,Conner,litzy.conner@bilearner.com,Software Engineer,661-982-3150,0
Joanna,Burnett,joanna.burnett@bilearner.com,Shared Services Manager,866-938-7896,0
Abdullah,Frederick,abdullah.frederick@bilearner.com,Shared Services Manager,614-999-2058,0
Armani,Porter,armani.porter@bilearner.com,Software Engineer,405-500-4016,0
Taylor,Sanders,taylor.sanders@bilearner.com,Software Engineer,170-500-1066,0
Iliana,Randall,iliana.randall@bilearner.com,Software Engineer,272-741-7996,0
Luke,Henderson,luke.henderson@bilearner.com,Software Engineer,834-897-9443,0
Madelyn,Lambert,madelyn.lambert@bilearner.com,Software Engineer,185-290-3265,0
Ava,Pace,ava.pace@bilearner.com,Software Engineer,650-050-9899,0
Delaney,Bruce,delaney.bruce@bilearner.com,Software Engineer,479-095-5823,0
Jair,Bullock,jair.bullock@bilearner.com,Software Engineer,389-589-3280,0
Kayla,Farrell,kayla.farrell@bilearner.com,Software Engineer,319-174-3774,0
Taylor,Gamble,taylor.gamble@bilearner.com,Shared Services Manager,400-603-6569,0
Carl,Desimone,carl.desimone@bilearner.com,Production Technician I,446-239-6910,0
Sophia,Theamstern,sophia.theamstern@bilearner.com,Production Technician I,136-077-9740,0
Kara,Harrison,kara.harrison@bilearner.com,Production Technician I,409-080-1055,0
Ming,Huynh,ming.huynh@bilearner.com,Production Technician II,718-739-6076,0
Karen,Mancuso,karen.mancuso@bilearner.com,Production Technician II,263-400-8730,0
Linda,Anderson,linda.anderson@bilearner.com,Production Technician I,983-440-1986,0
_0793_+)&#,(&6^9+1)#!,(+%$(9--62@,7)@4(66056,7-@*93*)$_$,1
=@6!^2$#*_,2*9!4!_&)8,120080)24(@,8($=29@_=3,%+%4^&_5_*$,1
%1(2*3@-7(,623*#8+7+*,%!5=4$()&7@,6@=(!9&5!_,-%*&220=&($,1
%28&@!=*88,%^!06#62%1,5@!*9)@25#@,24_&76(6^$,++588-0-1)$,1
&6#6&1(7+*,#49%9+#0-&,*19*^47!@*@,0*^^-@$*1@,5=4182((-$$,1
^--@07&@(0,^_)0+18!!2,(-(3-2^%6(@,+^^&5^01^*,-)@&2-7+90$,1
0*580(12-*,^3($_(03(9,+)0_#@%+3!@,$)&5(@99$@,6$6*6_63+_$,1
%6=2%^!%52,3#50@+$99*,^$&60#+5@!@,-@9#02$@@),=16&9938*#$,1
(%-%*@8471,^6(+^90$+%,62+7_+#@6#@,&4^7-49*4^,07)#%=9%5$$,1
_--)0-7++),03$%1@5*&%,_)+3_)30%&@,(30730(7-5,&3(5528$60$,1
(4!73@5#$8,5^78_1$63&,$=$(79!290@,)2)#3*0!+5,_0#=-$(814$,1
%(+)+53#5^,*8&$0!_(!%,&=-79&-=^_@,#7060=%=#6,$-3*)397&8$,1
52!8^4_755,615%__#@(5,@%25*49(=+@,2=*$_(24^=,4(-_7+@233$,1
(=!%#12)*&,5^%(&!+@%-,$32-+^91$4@,!^7)@723-#,1#77(+-0(0$,1
73%!#03^#!,!#288%3--$,-$19+*3$$8@,72)_)741)=,7%@$3)&(26$,1
@2@*==@)4+,3_1$-@26+1,11%&^393)3@,#7(972^)+=,+2(@-&_^!1$,1
6__826+)^8,%8#*_511&),=1-85&)#@#@,!67$#*5-66,4#00$0@_(9$,1